Porto Moniz,Paúl do Mar,Funchal,Desertas,Caniçal,Santa Cruz,Ribeira Brava,São Vicente,site
0.0,12.842542485919632,33.20921059959618,73.75112848881275,45.78816486689583,40.95386826936409,23.127098263365838,13.53847480618783,Porto Moniz
12.842542485919632,0.0,31.551937191782326,74.4358482251258,50.57366923475108,43.525278937384996,18.68655292046152,19.67083747567315,Paúl do Mar
33.20921059959618,31.551937191782326,0.0,43.012716906931786,25.586975451710284,15.767470469506062,13.16139561432816,21.70783981938122,Funchal
73.75112848881275,74.43584822512581,43.012716906931786,0.0,32.56225153468865,33.114636105203594,56.164462942582226,60.38662955616323,Desertas
45.78816486689583,50.573669234751094,25.586975451710284,32.56225153468865,0.0,10.08940978792187,35.940503401029886,32.44536267645653,Caniçal
40.95386826936408,43.525278937384996,15.767470469506062,33.114636105203594,10.08940978792187,0.0,27.21061174752855,27.454025172124666,Santa Cruz
23.127098263365838,18.68655292046152,13.16139561432816,56.164462942582226,35.940503401029886,27.21061174752855,0.0,16.029653650497625,Ribeira Brava
13.53847480618783,19.67083747567315,21.70783981938122,60.38662955616323,32.44536267645653,27.454025172124666,16.029653650497625,0.0,São Vicente
